"TABLE_NAME","COLUMN_NAME","DATA_TYPE","DATA_LENGTH","DATA_PRECISION","DATA_SCALE","NULLABLE","COLUMN_ID"
"TBL_CANAL","CANAL_ID","NUMBER",22,,0,"N",1
"TBL_CANAL","EXTRA_TIME","FLOAT",22,126,,"Y",2
"TBL_CANAL","PORT_ID","NUMBER",22,,0,"Y",3
"TBL_CARGO","BASELINE_TERM_ID","NUMBER",22,,0,"Y",1
"TBL_CARGO","BASELINE_TERM_2_ID","NUMBER",22,,0,"Y",2
"TBL_CARGO","BL_DATE","DATE",7,,,"Y",3
"TBL_CARGO","BOOKED_QUANTITY","FLOAT",22,126,,"Y",4
"TBL_CARGO","BROKER_NAME","VARCHAR2",40,,,"Y",5
"TBL_CARGO","CARGO_ID","NUMBER",22,,0,"N",6
"TBL_CARGO","CARGO_MATCH","VARCHAR2",1,,,"N",7
"TBL_CARGO","CARGO_MEASUREMENT_ID","NUMBER",22,,0,"N",8
"TBL_CARGO","CARGO_QUANTITY","FLOAT",22,126,,"Y",9
"TBL_CARGO","CARGO_REFERENCE","VARCHAR2",16,,,"Y",10
"TBL_CARGO","CARGO_SUB_REFERENCE","VARCHAR2",4,,,"Y",11
"TBL_CARGO","CARGO_TEXT","VARCHAR2",160,,,"Y",12
"TBL_CARGO","CHARTERER_ID","NUMBER",22,,0,"Y",13
"TBL_CARGO","CHARTERER_NAME","VARCHAR2",80,,,"Y",14
"TBL_CARGO","COA_ID","NUMBER",22,,0,"Y",15
"TBL_CARGO","COA_LINE_ID","NUMBER",22,,0,"Y",16
"TBL_CARGO","COATING_TYPE_ID","NUMBER",22,,0,"Y",17
"TBL_CARGO","COMMISSION","FLOAT",22,126,,"Y",18
"TBL_CARGO","COMMISSION_ADDRESS","FLOAT",22,126,,"Y",19
"TBL_CARGO","COMMISSION_BROKER","FLOAT",22,126,,"Y",20
"TBL_CARGO","COMMODITY_ID","NUMBER",22,,0,"Y",21
"TBL_CARGO","COMMODITY_NAME","VARCHAR2",64,,,"Y",22
"TBL_CARGO","CP_DATE","DATE",7,,,"Y",23
"TBL_CARGO","CRUDE_OIL_ID","NUMBER",22,,0,"Y",24
"TBL_CARGO","DEADFREIGHT","FLOAT",22,126,,"Y",25
"TBL_CARGO","DEMURRAGE","FLOAT",22,126,,"Y",26
"TBL_CARGO","DEMURRAGE_RATE","FLOAT",22,126,,"Y",27
"TBL_CARGO","DEMURRAGE_TIME_BAR","NUMBER",22,,0,"Y",28
"TBL_CARGO","DESPATCH","FLOAT",22,126,,"Y",29
"TBL_CARGO","DESPATCH_RATE","FLOAT",22,126,,"Y",30
"TBL_CARGO","DO_BUNKER_ADJUSTMENT","FLOAT",22,126,,"Y",31
"TBL_CARGO","DO_PRICE","FLOAT",22,126,,"Y",32
"TBL_CARGO","EXCHANGE_RATE","FLOAT",22,126,,"Y",33
"TBL_CARGO","EXPORTER_ID","NUMBER",22,,0,"Y",34
"TBL_CARGO","FINAL_DESTINATION","VARCHAR2",64,,,"Y",35
"TBL_CARGO","FLAT_RATE","FLOAT",22,126,,"Y",36
"TBL_CARGO","FO_BUNKER_ADJUSTMENT","FLOAT",22,126,,"Y",37
"TBL_CARGO","FO_PRICE","FLOAT",22,126,,"Y",38
"TBL_CARGO","FREIGHT","FLOAT",22,126,,"Y",39
"TBL_CARGO","FREIGHT_CURRENCY_ID","NUMBER",22,,0,"N",40
"TBL_CARGO","FREIGHT_MEASUREMENT_ID","NUMBER",22,,0,"Y",41
"TBL_CARGO","FREIGHT_RATE","FLOAT",22,126,,"Y",42
"TBL_CARGO","GROSS_FREIGHT","FLOAT",22,126,,"Y",43
"TBL_CARGO","HANDLING_COST","FLOAT",22,126,,"Y",44
"TBL_CARGO","HAS_N2_PADDING","NUMBER",22,,0,"Y",45
"TBL_CARGO","IS_CARGO_IGNORED","NUMBER",22,,0,"Y",46
"TBL_CARGO","IS_DEMURRAGE_FIXED","NUMBER",22,,0,"Y",47
"TBL_CARGO","IS_DESPATCH_FIXED","NUMBER",22,,0,"Y",48
"TBL_CARGO","IS_LAYCAN_REACHABLE","NUMBER",22,,0,"Y",49
"TBL_CARGO","IS_LUMPSUM","NUMBER",22,,0,"Y",50
"TBL_CARGO","IS_ON_DECK","NUMBER",22,,0,"Y",51
"TBL_CARGO","IS_REVERSIBLE","NUMBER",22,,0,"Y",52
"TBL_CARGO","LAYCAN_FROM","DATE",7,,,"Y",53
"TBL_CARGO","LAYCAN_MISSED_BY","FLOAT",22,126,,"Y",54
"TBL_CARGO","LAYCAN_TO","DATE",7,,,"Y",55
"TBL_CARGO","LAYTIME_ALLOWED","FLOAT",22,126,,"Y",56
"TBL_CARGO","LAYTIME_EXPIRE_DATE","DATE",7,,,"Y",57
"TBL_CARGO","LAYTIME_TERMS_ID","NUMBER",22,,0,"Y",58
"TBL_CARGO","LAYTIME_TERMS_VALUE","FLOAT",22,126,,"Y",59
"TBL_CARGO","LAYTIME_USED","FLOAT",22,126,,"Y",60
"TBL_CARGO","LAYTIME_USED_FROM_DATE","DATE",7,,,"Y",61
"TBL_CARGO","LAYTIME_USED_TO_DATE","DATE",7,,,"Y",62
"TBL_CARGO","MINIMUM_QUANTITY","FLOAT",22,126,,"Y",63
"TBL_CARGO","NET_FREIGHT","FLOAT",22,126,,"Y",64
"TBL_CARGO","OVERRAGE","FLOAT",22,126,,"Y",65
"TBL_CARGO","PAYMENT_TERMS_ID","NUMBER",22,,0,"Y",66
"TBL_CARGO","PAYMENT_TERMS_2_ID","NUMBER",22,,0,"Y",67
"TBL_CARGO","PCT_PREPAID","NUMBER",22,,0,"Y",68
"TBL_CARGO","PIECES","FLOAT",22,126,,"Y",69
"TBL_CARGO","PORT_ROTATION","VARCHAR2",256,,,"Y",70
"TBL_CARGO","QUANTITY_OPTION_ID","NUMBER",22,,0,"Y",71
"TBL_CARGO","QUANTITY_OPTION_PCT","FLOAT",22,126,,"Y",72
"TBL_CARGO","RECEIVER_ID","NUMBER",22,,0,"Y",73
"TBL_CARGO","RELET_OF_CARGO_ID","NUMBER",22,,0,"Y",74
"TBL_CARGO","ROUTE_ID","NUMBER",22,,0,"Y",75
"TBL_CARGO","SHIP_FIGURE","FLOAT",22,126,,"Y",76
"TBL_CARGO","SPECIFIC_GRAVITY","FLOAT",22,126,,"Y",77
"TBL_CARGO","SPECIFIC_GRAVITY_TEMPERATURE","FLOAT",22,126,,"Y",78
"TBL_CARGO","STOWAGE_CONTRACT_ID","NUMBER",22,,0,"Y",79
"TBL_CARGO","STOWAGE_FACTOR","FLOAT",22,126,,"Y",80
"TBL_CARGO","STOWAGE_UNIT_ID","NUMBER",22,,0,"N",81
"TBL_CARGO","SUB_COMMODITY_ID","NUMBER",22,,0,"Y",82
"TBL_CARGO","SUB_COMMODITY_NAME","VARCHAR2",64,,,"Y",83
"TBL_CARGO","TC_RESULT_DAY_CONTRIBUTION","FLOAT",22,126,,"Y",84
"TBL_CARGO","TERMS","VARCHAR2",25,,,"Y",85
"TBL_CARGO","TIME_FROM_DEMURRAGE_BANK","FLOAT",22,126,,"Y",86
"TBL_CARGO","TIME_NOT_TO_COUNT","FLOAT",22,126,,"Y",87
"TBL_CARGO","TIME_ON_DEMURRAGE","FLOAT",22,126,,"Y",88
"TBL_CARGO","TIME_ON_DESPATCH","FLOAT",22,126,,"Y",89
"TBL_CARGO","TS_OF_CARGO_PORT_ID","NUMBER",22,,0,"Y",90
"TBL_CARGO","VARIOUS_COST","FLOAT",22,126,,"Y",91
"TBL_CARGO","VARIOUS_REVENUE","FLOAT",22,126,,"Y",92
"TBL_CARGO","VC_ID","NUMBER",22,,0,"Y",93
"TBL_CARGO","VOLUME","FLOAT",22,126,,"Y",94
"TBL_CARGO","VOLUME_MEASUREMENT_ID","NUMBER",22,,0,"N",95
"TBL_CARGO","VOYAGE_ID","NUMBER",22,,0,"Y",96
"TBL_CARGO","WEIGHT","FLOAT",22,126,,"Y",97
"TBL_CARGO","WEIGHT_FACTOR","FLOAT",22,126,,"Y",98
"TBL_CARGO","WEIGHT_MEASUREMENT_ID","NUMBER",22,,0,"N",99
"TBL_CARGO","WEIGHT_UNIT_ID","NUMBER",22,,0,"N",100
"TBL_CARGO","PAYEE_ID","NUMBER",22,,0,"Y",101
"TBL_CARGO","COMMENTS","VARCHAR2",160,,,"Y",102
"TBL_CARGO","OUTTURN_QUANTITY","FLOAT",22,126,,"Y",103
"TBL_CARGO","DEADFREIGHT_RATE","FLOAT",22,126,,"Y",104
"TBL_CARGO","PCT_OVERAGE","NUMBER",22,,0,"Y",105
"TBL_CARGO","NET_FIO","FLOAT",22,126,,"Y",106
"TBL_CARGO","ON_DECK_OPTION","NUMBER",22,,0,"Y",107
"TBL_CARGO","SUPPLIER_ID","NUMBER",22,,0,"Y",108
"TBL_CARGO","PLACE_OF_ORIGIN","VARCHAR2",64,,,"Y",109
"TBL_CARGO","COMMISSION_DEMURRAGE","FLOAT",22,126,,"Y",110
"TBL_CARGO","EXTERNAL_REFERENCE","VARCHAR2",64,,,"Y",111
"TBL_CARGO","HAS_EQUALIZATION","NUMBER",22,38,0,"Y",112
"TBL_CARGO","WS_YEAR","NUMBER",22,,0,"Y",113
"TBL_CARGO","VALUE","FLOAT",22,126,,"Y",114
"TBL_CARGO","LENGTH","FLOAT",22,126,,"Y",115
"TBL_CARGO","WIDTH","FLOAT",22,126,,"Y",116
"TBL_CARGO","HEIGHT","FLOAT",22,126,,"Y",117
"TBL_CARGO","AREA","FLOAT",22,126,,"Y",118
"TBL_CARGO","DIMENSION_MEASUREMENT_ID","NUMBER",22,,0,"Y",119
"TBL_CARGO","VALUE_CURRENCY_ID","NUMBER",22,,0,"Y",120
"TBL_CARGO","IS_CRADLE_REQUIRED","NUMBER",22,,0,"Y",121
"TBL_CARGO","FREIGHT_AMOUNT_CURRENCY","FLOAT",22,126,,"Y",122
"TBL_CARGO","DEMURRAGE_CURRENCY_ID","NUMBER",22,,0,"Y",123
"TBL_CARGO","MAX_HL","FLOAT",22,126,,"Y",124
"TBL_CARGO","MAX_TRANSIT_TIME","FLOAT",22,126,,"Y",125
"TBL_CARGO","IS_LIFO","NUMBER",22,,0,"Y",126
"TBL_CARGO","IS_EXCLUSIVE","NUMBER",22,,0,"Y",127
"TBL_CARGO","PROJECT_ID","NUMBER",22,,0,"Y",128
"TBL_CARGO","ARRIVAL_WINDOW_FROM","DATE",7,,,"Y",129
"TBL_CARGO","ARRIVAL_WINDOW_TO","DATE",7,,,"Y",130
"TBL_CARGO","BUSINESS_UNIT_ID","NUMBER",22,,0,"Y",131
"TBL_CARGO","BOOKING_STATUS_ID","NUMBER",22,38,0,"Y",132
"TBL_CARGO","COMPANY_ID","NUMBER",22,,0,"Y",133
"TBL_CARGO","OFFICE_ID","NUMBER",22,,0,"Y",134
"TBL_CARGO","IS_PERFORMANCE_CARGO","NUMBER",22,,,"Y",135
"TBL_CARGO","DEMURRAGE_TIME_BAR_EVENT_ID","NUMBER",22,,0,"Y",136
"TBL_CARGO","LAYCAN_TARGET_FROM","DATE",7,,,"Y",137
"TBL_CARGO","LAYCAN_TARGET_TO","DATE",7,,,"Y",138
"TBL_CARGO","IS_ISSUED_LOI","NUMBER",22,,0,"Y",139
"TBL_CARGO","IS_LAYCAN_AGREED","NUMBER",22,,0,"Y",140
"TBL_CARGO","LEG_ID","NUMBER",22,,0,"Y",141
"TBL_CARGO","IS_TEMPLATE","NUMBER",22,,0,"Y",142
"TBL_CARGO","ARRIVAL_WINDOW_MISSED_BY","FLOAT",22,126,,"Y",143
"TBL_CARGO","IS_WORLDSCALE","NUMBER",22,,0,"N",144
"TBL_CARGO","CARGO_TYPE_ID","NUMBER",22,,0,"N",145
"TBL_CARGO","EEOI","FLOAT",22,126,,"Y",146
"TBL_CARGO","IS_OPTION","NUMBER",22,,0,"Y",147
"TBL_CARGO","OPTION_STATUS","NUMBER",22,,0,"Y",148
"TBL_CARGO","ADJUSTMENT","FLOAT",22,126,,"Y",149
"TBL_CARGO","EU_ETS_COST","FLOAT",22,126,,"Y",150
"TBL_CARGO","CARGO_OPERATOR_ID","NUMBER",22,,0,"Y",151
"TBL_CARGO","PLANNED_BL_DATE","DATE",7,,,"Y",152
"TBL_CARGO","FIXTURE_ID","NUMBER",22,,0,"Y",153
"TBL_CARGO","IS_CARGO_OUT","NUMBER",22,,0,"N",154
"TBL_CARGO","OFF_SPEC","NUMBER",22,,0,"Y",155
"TBL_CARGO","TEMPERATURE","FLOAT",22,126,,"Y",156
"TBL_CARGO","DENSITY","FLOAT",22,126,,"Y",157
"TBL_CARGO","IS_OWNERS_OVERLIFT","NUMBER",22,,0,"Y",158
"TBL_CARGO","OVERLIFT_QUANTITY","FLOAT",22,126,,"Y",159
"TBL_CARGO","IS_AUTO_APPLYING_MAX_INTAKE","NUMBER",22,,0,"Y",160
"TBL_CARGO","MARKET_INDEX_ID","NUMBER",22,,0,"Y",161
"TBL_CARGO","INDEX_ADJUSTMENT_PCT","FLOAT",22,126,,"Y",162
"TBL_CARGO","PARCEL_FACTOR_PCT","FLOAT",22,126,,"Y",163
"TBL_COMMODITY","COMMODITY_CODE","VARCHAR2",12,,,"N",1
"TBL_COMMODITY","COMMODITY_DESC","VARCHAR2",128,,,"Y",2
"TBL_COMMODITY","COMMODITY_GROUP_ID","NUMBER",22,,0,"Y",3
"TBL_COMMODITY","COMMODITY_ID","NUMBER",22,,0,"N",4
"TBL_COMMODITY","COMMODITY_MEASUREMENT_ID","NUMBER",22,,0,"Y",5
"TBL_COMMODITY","COMMODITY_NAME","VARCHAR2",64,,,"N",6
"TBL_COMMODITY","MAX_DISCHARGE_TEMPERATURE","NUMBER",22,,0,"Y",7
"TBL_COMMODITY","MAX_HEATING_REQUIREMENT","NUMBER",22,,0,"Y",8
"TBL_COMMODITY","MIN_DISCHARGE_TEMPERATURE","NUMBER",22,,0,"Y",9
"TBL_COMMODITY","MIN_HEATING_REQUIREMENT","NUMBER",22,,0,"Y",10
"TBL_COMMODITY","SG_AT_MAX_TEMPERATURE","FLOAT",22,126,,"Y",11
"TBL_COMMODITY","SPECIFIC_GRAVITY","FLOAT",22,126,,"Y",12
"TBL_COMMODITY","SPECIFIC_GRAVITY_FACTOR","FLOAT",22,126,,"Y",13
"TBL_COMMODITY","STOWAGE_FACTOR","FLOAT",22,126,,"Y",14
"TBL_COMMODITY","STOWAGE_UNIT_ID","NUMBER",22,,0,"Y",15
"TBL_COMMODITY","WEIGHT_FACTOR_SO","FLOAT",22,126,,"Y",16
"TBL_COMMODITY","WEIGHT_FACTOR_SU","FLOAT",22,126,,"Y",17
"TBL_COMMODITY","WEIGHT_FACTOR_WO","FLOAT",22,126,,"Y",18
"TBL_COMMODITY","WEIGHT_FACTOR_WU","FLOAT",22,126,,"Y",19
"TBL_COMMODITY","WEIGHT_UNIT_ID","NUMBER",22,,0,"Y",20
"TBL_COMMODITY","BUSINESS_UNIT_ID","NUMBER",22,,0,"Y",21
"TBL_COMMODITY","HARMONIZED_CODE","VARCHAR2",10,,,"Y",22
"TBL_COMMODITY","DENSITY","FLOAT",22,126,,"Y",23
"TBL_COMMODITY","DENSITY_REFERENCE_TEMPERATURE","FLOAT",22,126,,"Y",24
"TBL_COMMODITY","DENSITY_CORRECTION_FACTOR","FLOAT",22,126,,"Y",25
"TBL_COMMODITY","MAX_ADJACENT_TEMPERATURE","FLOAT",22,126,,"Y",26
"TBL_COMMODITY","MELTING_POINT_FROM","FLOAT",22,126,,"Y",27
"TBL_COMMODITY","MELTING_POINT_TO","FLOAT",22,126,,"Y",28
"TBL_COMMODITY","BOILING_POINT_FROM","FLOAT",22,126,,"Y",29
"TBL_COMMODITY","BOILING_POINT_TO","FLOAT",22,126,,"Y",30
"TBL_COMMODITY","FLASH_POINT","FLOAT",22,126,,"Y",31
"TBL_COMMODITY","STOWAGE_CONVERSION_TYPE_ID","NUMBER",22,,0,"N",32
"TBL_DISTANCE","DISTANCE_ID","NUMBER",22,,0,"N",1
"TBL_DISTANCE","F_PORT_ID","NUMBER",22,,0,"N",2
"TBL_DISTANCE","T_PORT_ID","NUMBER",22,,0,"N",3
"TBL_DISTANCE","RP_ID","NUMBER",22,,0,"Y",4
"TBL_DISTANCE","MILES","FLOAT",22,126,,"Y",5
"TBL_DISTANCE","CREATED_DATE","DATE",7,,,"Y",6
"TBL_DISTANCE","IS_CACHE","NUMBER",22,,,"Y",7
"TBL_OFFHIRE","DO_BUNKER_PRICE","FLOAT",22,126,,"Y",1
"TBL_OFFHIRE","DO_CONSUMPTION","FLOAT",22,126,,"Y",2
"TBL_OFFHIRE","FO_BUNKER_PRICE","FLOAT",22,126,,"Y",3
"TBL_OFFHIRE","FO_CONSUMPTION","FLOAT",22,126,,"Y",4
"TBL_OFFHIRE","IS_DEDUCTABLE_CHARTERER","NUMBER",22,,0,"Y",5
"TBL_OFFHIRE","IS_DEDUCTABLE_DAYS","NUMBER",22,,0,"Y",6
"TBL_OFFHIRE","IS_DEDUCTABLE_OWNER","NUMBER",22,,0,"Y",7
"TBL_OFFHIRE","OFFHIRE_COST","FLOAT",22,126,,"Y",8
"TBL_OFFHIRE","OFFHIRE_DAYS","FLOAT",22,126,,"Y",9
"TBL_OFFHIRE","OFFHIRE_END_DATE","DATE",7,,,"Y",10
"TBL_OFFHIRE","OFFHIRE_ID","NUMBER",22,,0,"N",11
"TBL_OFFHIRE","OFFHIRE_REVENUE","FLOAT",22,126,,"Y",12
"TBL_OFFHIRE","OFFHIRE_START_DATE","DATE",7,,,"Y",13
"TBL_OFFHIRE","PERCENT_TO_COUNT","FLOAT",22,126,,"N",14
"TBL_OFFHIRE","PORT_ID","NUMBER",22,,0,"Y",15
"TBL_OFFHIRE","REASON_FOR_OFFHIRE_ID","NUMBER",22,,0,"Y",16
"TBL_OFFHIRE","VARIOUS_COST","FLOAT",22,126,,"Y",17
"TBL_OFFHIRE","VARIOUS_REVENUE","FLOAT",22,126,,"Y",18
"TBL_OFFHIRE","VOYAGE_HEADER_ID","NUMBER",22,,0,"Y",19
"TBL_OFFHIRE","TIMEZONE_OFFSET","FLOAT",22,126,,"Y",20
"TBL_OFFHIRE","FO_BUNKER_PRICE_OWNER","FLOAT",22,126,,"Y",21
"TBL_OFFHIRE","FO_CONSUMPTION_OWNER","FLOAT",22,126,,"Y",22
"TBL_OFFHIRE","DO_BUNKER_PRICE_OWNER","FLOAT",22,126,,"Y",23
"TBL_OFFHIRE","DO_CONSUMPTION_OWNER","FLOAT",22,126,,"Y",24
"TBL_OFFHIRE","COMMENTS","VARCHAR2",128,,,"Y",25
"TBL_OFFHIRE","VESSEL_CODE_ID","NUMBER",22,,0,"Y",26
"TBL_OFFHIRE","FL_BUNKER_PRICE","FLOAT",22,126,,"Y",27
"TBL_OFFHIRE","FL_BUNKER_PRICE_OWNER","FLOAT",22,126,,"Y",28
"TBL_OFFHIRE","FL_CONSUMPTION","FLOAT",22,126,,"Y",29
"TBL_OFFHIRE","FL_CONSUMPTION_OWNER","FLOAT",22,126,,"Y",30
"TBL_OFFHIRE","DL_BUNKER_PRICE","FLOAT",22,126,,"Y",31
"TBL_OFFHIRE","DL_BUNKER_PRICE_OWNER","FLOAT",22,126,,"Y",32
"TBL_OFFHIRE","DL_CONSUMPTION","FLOAT",22,126,,"Y",33
"TBL_OFFHIRE","DL_CONSUMPTION_OWNER","FLOAT",22,126,,"Y",34
"TBL_OFFHIRE","IS_PLANNED","NUMBER",22,,0,"Y",35
"TBL_OFFHIRE","EARLIEST_START_DATE","DATE",7,,,"Y",36
"TBL_OFFHIRE","LATEST_START_DATE","DATE",7,,,"Y",37
"TBL_OFFHIRE","STATUS_ID","NUMBER",22,,0,"Y",38
"TBL_OFFHIRE","START_PORT_CALL_ID","NUMBER",22,,0,"Y",39
"TBL_OFFHIRE","END_PORT_CALL_ID","NUMBER",22,,0,"Y",40
"TBL_OFFHIRE","IS_DEVIATION","NUMBER",22,,0,"Y",41
"TBL_OFFHIRE","DEVIATION_SPEED_ID","NUMBER",22,,0,"Y",42
"TBL_OFFHIRE","PLANNED_DAYS","FLOAT",22,126,,"Y",43
"TBL_OFFHIRE","PLANNED_DISTANCE","FLOAT",22,126,,"Y",44
"TBL_PORT_CALL","AGENT_ID","NUMBER",22,,0,"Y",1
"TBL_PORT_CALL","ARRIVAL_FIXED","NUMBER",22,,0,"Y",2
"TBL_PORT_CALL","AVAILABLE_FOR_CARGO","FLOAT",22,126,,"Y",3
"TBL_PORT_CALL","BERTHED_FIXED","NUMBER",22,,0,"Y",4
"TBL_PORT_CALL","BO_ACTUAL","FLOAT",22,126,,"Y",5
"TBL_PORT_CALL","BO_ALLOWED","FLOAT",22,126,,"Y",6
"TBL_PORT_CALL","BO_EXCESS_CREDIT","FLOAT",22,126,,"Y",7
"TBL_PORT_CALL","BO_NITROGEN_CONTENT","FLOAT",22,126,,"Y",8
"TBL_PORT_CALL","BO_ON_PASSAGE","FLOAT",22,126,,"Y",9
"TBL_PORT_CALL","BO_USED_AS_FUEL","FLOAT",22,126,,"Y",10
"TBL_PORT_CALL","BUNKER_BROKER_ID","NUMBER",22,,0,"Y",11
"TBL_PORT_CALL","BUNKER_EXTRA_COST","FLOAT",22,126,,"Y",12
"TBL_PORT_CALL","BUNKER_REDUCTION","FLOAT",22,126,,"Y",13
"TBL_PORT_CALL","BUNKER_SUPPLIER_ID","NUMBER",22,,0,"Y",14
"TBL_PORT_CALL","COMMENTS","VARCHAR2",64,,,"Y",15
"TBL_PORT_CALL","COMMODITY_ID","NUMBER",22,,0,"Y",16
"TBL_PORT_CALL","CONSTANT_REDUCTION","FLOAT",22,126,,"Y",17
"TBL_PORT_CALL","CURRENCY_ID","NUMBER",22,,0,"N",18
"TBL_PORT_CALL","DAYS_AT_SEA","FLOAT",22,126,,"Y",19
"TBL_PORT_CALL","DAYS_EXTRA_IN_PORT","FLOAT",22,126,,"Y",20
"TBL_PORT_CALL","DAYS_IN_PORT","FLOAT",22,126,,"Y",21
"TBL_PORT_CALL","DAYS_STOPPAGES","FLOAT",22,126,,"Y",22
"TBL_PORT_CALL","DEPARTURE_FIXED","NUMBER",22,,0,"Y",23
"TBL_PORT_CALL","DISTANCE","FLOAT",22,126,,"Y",24
"TBL_PORT_CALL","DISTANCE_ACTUAL","FLOAT",22,126,,"Y",25
"TBL_PORT_CALL","DISTANCE_DEVIATION","FLOAT",22,126,,"Y",26
"TBL_PORT_CALL","DO_AT_SEA","FLOAT",22,126,,"Y",27
"TBL_PORT_CALL","DO_BUNKERED","FLOAT",22,126,,"Y",28
"TBL_PORT_CALL","DO_BUNKER_PRICE","FLOAT",22,126,,"Y",29
"TBL_PORT_CALL","DO_BUNKER_PRICE_NET","FLOAT",22,126,,"Y",30
"TBL_PORT_CALL","DO_IN_PORT","FLOAT",22,126,,"Y",31
"TBL_PORT_CALL","DO_ROB_ARRIVAL","FLOAT",22,126,,"Y",32
"TBL_PORT_CALL","DO_ROB_ARRIVAL_FIXED","NUMBER",22,,0,"Y",33
"TBL_PORT_CALL","DO_ROB_DEPARTURE","FLOAT",22,126,,"Y",34
"TBL_PORT_CALL","DO_ROB_DEPARTURE_FIXED","NUMBER",22,,0,"Y",35
"TBL_PORT_CALL","DRAFT","FLOAT",22,126,,"Y",36
"TBL_PORT_CALL","DRAFT_MEASUREMENT","VARCHAR2",1,,,"Y",37
"TBL_PORT_CALL","DRAFT_REDUCTION","FLOAT",22,126,,"Y",38
"TBL_PORT_CALL","EXCHANGE_RATE","FLOAT",22,126,,"Y",39
"TBL_PORT_CALL","EXPORTER_ID","NUMBER",22,,0,"Y",40
"TBL_PORT_CALL","FO_AT_SEA","FLOAT",22,126,,"Y",41
"TBL_PORT_CALL","FO_BUNKERED","FLOAT",22,126,,"Y",42
"TBL_PORT_CALL","FO_BUNKER_PRICE","FLOAT",22,126,,"Y",43
"TBL_PORT_CALL","FO_BUNKER_PRICE_NET","FLOAT",22,126,,"Y",44
"TBL_PORT_CALL","FO_IN_PORT","FLOAT",22,126,,"Y",45
"TBL_PORT_CALL","FO_ROB_ARRIVAL","FLOAT",22,126,,"Y",46
"TBL_PORT_CALL","FO_ROB_ARRIVAL_FIXED","NUMBER",22,,0,"Y",47
"TBL_PORT_CALL","FO_ROB_DEPARTURE","FLOAT",22,126,,"Y",48
"TBL_PORT_CALL","FO_ROB_DEPARTURE_FIXED","NUMBER",22,,0,"Y",49
"TBL_PORT_CALL","FRESH_WATER_REDUCTION","FLOAT",22,126,,"Y",50
"TBL_PORT_CALL","GAS_AT_SEA","FLOAT",22,126,,"Y",51
"TBL_PORT_CALL","GAS_IN_PORT","FLOAT",22,126,,"Y",52
"TBL_PORT_CALL","GAS_LOADED","FLOAT",22,126,,"Y",53
"TBL_PORT_CALL","GAS_LOADED_PRICE","FLOAT",22,126,,"Y",54
"TBL_PORT_CALL","GAS_ROB_ARRIVAL","FLOAT",22,126,,"Y",55
"TBL_PORT_CALL","GAS_ROB_ARRIVAL_FIXED","NUMBER",22,,0,"Y",56
"TBL_PORT_CALL","GAS_ROB_DEPARTURE","FLOAT",22,126,,"Y",57
"TBL_PORT_CALL","GAS_ROB_DEPARTURE_FIXED","NUMBER",22,,0,"Y",58
"TBL_PORT_CALL","GAUGED_NITROGEN_FACTOR","FLOAT",22,126,,"Y",59
"TBL_PORT_CALL","GAUGED_QUANTITY_AFTER","FLOAT",22,126,,"Y",60
"TBL_PORT_CALL","GAUGED_QUANTITY_BEFORE","FLOAT",22,126,,"Y",61
"TBL_PORT_CALL","GAUGED_TIME_AFTER","DATE",7,,,"Y",62
"TBL_PORT_CALL","GAUGED_TIME_BEFORE","DATE",7,,,"Y",63
"TBL_PORT_CALL","IS_BALLAST","NUMBER",22,,0,"Y",64
"TBL_PORT_CALL","IS_CHANGED","NUMBER",22,,0,"Y",65
"TBL_PORT_CALL","IS_OVERLAPPED","NUMBER",22,,0,"Y",66
"TBL_PORT_CALL","IS_PORT_IGNORED","NUMBER",22,,0,"Y",67
"TBL_PORT_CALL","IS_ROUTING_POINT_1_FIXED","NUMBER",22,,0,"Y",68
"TBL_PORT_CALL","IS_ROUTING_POINT_2_FIXED","NUMBER",22,,0,"Y",69
"TBL_PORT_CALL","IS_SPEED_CHANGED","NUMBER",22,,0,"Y",70
"TBL_PORT_CALL","LAYTIME_USED","FLOAT",22,126,,"Y",71
"TBL_PORT_CALL","LNG_FO_CONSUMPTION_ACTUAL","FLOAT",22,126,,"Y",72
"TBL_PORT_CALL","LNG_FO_CONSUMPTION_ALLOWED","FLOAT",22,126,,"Y",73
"TBL_PORT_CALL","LNG_FO_CONSUMPTION_DEBIT","FLOAT",22,126,,"Y",74
"TBL_PORT_CALL","LNG_FO_EQUIVALENT","FLOAT",22,126,,"Y",75
"TBL_PORT_CALL","NUMBER_OF_OCCURANCES","NUMBER",22,,0,"Y",76
"TBL_PORT_CALL","OWNED_BY_VOYAGE_ID","NUMBER",22,,0,"Y",77
"TBL_PORT_CALL","PCT_BO_ALLOWED","FLOAT",22,126,,"Y",78
"TBL_PORT_CALL","PORT_CALL_ID","NUMBER",22,,0,"N",79
"TBL_PORT_CALL","PORT_CALL_SEQUENCE","NUMBER",22,,0,"Y",80
"TBL_PORT_CALL","PORT_COST","FLOAT",22,126,,"Y",81
"TBL_PORT_CALL","PORT_COST_CURRENCY","FLOAT",22,126,,"Y",82
"TBL_PORT_CALL","PORT_ID","NUMBER",22,,0,"N",83
"TBL_PORT_CALL","QUANTITY","FLOAT",22,126,,"Y",84
"TBL_PORT_CALL","REASON_FOR_CALL_ID","NUMBER",22,,0,"N",85
"TBL_PORT_CALL","RECEIVER_ID","NUMBER",22,,0,"Y",86
"TBL_PORT_CALL","ROUTING_POINT_1_ID","NUMBER",22,,0,"Y",87
"TBL_PORT_CALL","ROUTING_POINT_2_ID","NUMBER",22,,0,"Y",88
"TBL_PORT_CALL","SAFETY_MARGIN","NUMBER",22,,0,"Y",89
"TBL_PORT_CALL","SPEED","FLOAT",22,126,,"Y",90
"TBL_PORT_CALL","SPEED_ID","NUMBER",22,,0,"Y",91
"TBL_PORT_CALL","TC_SEQUENCE","NUMBER",22,,0,"Y",92
"TBL_PORT_CALL","TERMINAL_ID","NUMBER",22,,0,"Y",93
"TBL_PORT_CALL","VOYAGE_ID","NUMBER",22,,0,"N",94
"TBL_PORT_CALL","WATER_DENSITY","FLOAT",22,126,,"Y",95
"TBL_PORT_CALL","WATER_SALINITY","VARCHAR2",2,,,"Y",96
"TBL_PORT_CALL","WEATHER_ADJUSTMENT_DAYS","FLOAT",22,126,,"Y",97
"TBL_PORT_CALL","WEATHER_ADJUSTMENT_FO","FLOAT",22,126,,"Y",98
"TBL_PORT_CALL","WEATHER_ADJUSTMENT_MILES","FLOAT",22,126,,"Y",99
"TBL_PORT_CALL","ZONE","VARCHAR2",1,,,"Y",100
"TBL_PORT_CALL","PERCENT_EXTRA_AT_SEA","FLOAT",22,126,,"Y",101
"TBL_PORT_CALL","IS_FO_PURCHASE_FINAL","NUMBER",22,,0,"Y",102
"TBL_PORT_CALL","IS_DO_PURCHASE_FINAL","NUMBER",22,,0,"Y",103
"TBL_PORT_CALL","TIMEZONE_OFFSET","FLOAT",22,126,,"Y",104
"TBL_PORT_CALL","IS_HC_FIXED","NUMBER",22,,0,"Y",105
"TBL_PORT_CALL","HANDLING_COST","FLOAT",22,126,,"Y",106
"TBL_PORT_CALL","IS_PC_FIXED","NUMBER",22,,0,"Y",107
"TBL_PORT_CALL","HAS_TRANSSHIPMENT","NUMBER",22,,0,"Y",108
"TBL_PORT_CALL","BUNKER_HEDGE_LINE_ID","NUMBER",22,,0,"Y",109
"TBL_PORT_CALL","PCT_BO_ACTUAL","FLOAT",22,126,,"Y",110
"TBL_PORT_CALL","IS_HC_TS_FIXED","NUMBER",22,,0,"Y",111
"TBL_PORT_CALL","NUMBER_OF_BERTHS","NUMBER",22,,0,"Y",112
"TBL_PORT_CALL","BUNKER_ACCOUNT_OF_ID","NUMBER",22,,0,"Y",113
"TBL_PORT_CALL","BUNKER_PAYED_BY_ID","NUMBER",22,,0,"Y",114
"TBL_PORT_CALL","FL_AT_SEA","FLOAT",22,126,,"Y",115
"TBL_PORT_CALL","FL_BUNKER_PRICE","FLOAT",22,126,,"Y",116
"TBL_PORT_CALL","FL_BUNKER_PRICE_NET","FLOAT",22,126,,"Y",117
"TBL_PORT_CALL","FL_BUNKERED","FLOAT",22,126,,"Y",118
"TBL_PORT_CALL","FL_IN_PORT","FLOAT",22,126,,"Y",119
"TBL_PORT_CALL","FL_ROB_ARRIVAL","FLOAT",22,126,,"Y",120
"TBL_PORT_CALL","FL_ROB_ARRIVAL_FIXED","FLOAT",22,126,,"Y",121
"TBL_PORT_CALL","FL_ROB_DEPARTURE","FLOAT",22,126,,"Y",122
"TBL_PORT_CALL","FL_ROB_DEPARTURE_FIXED","FLOAT",22,126,,"Y",123
"TBL_PORT_CALL","DL_AT_SEA","FLOAT",22,126,,"Y",124
"TBL_PORT_CALL","DL_BUNKER_PRICE","FLOAT",22,126,,"Y",125
"TBL_PORT_CALL","DL_BUNKER_PRICE_NET","FLOAT",22,126,,"Y",126
"TBL_PORT_CALL","DL_BUNKERED","FLOAT",22,126,,"Y",127
"TBL_PORT_CALL","DL_IN_PORT","FLOAT",22,126,,"Y",128
"TBL_PORT_CALL","DL_ROB_ARRIVAL","FLOAT",22,126,,"Y",129
"TBL_PORT_CALL","DL_ROB_ARRIVAL_FIXED","FLOAT",22,126,,"Y",130
"TBL_PORT_CALL","DL_ROB_DEPARTURE","FLOAT",22,126,,"Y",131
"TBL_PORT_CALL","DL_ROB_DEPARTURE_FIXED","FLOAT",22,126,,"Y",132
"TBL_PORT_CALL","IS_FL_PURCHASE_FINAL","NUMBER",22,,0,"Y",133
"TBL_PORT_CALL","IS_DL_PURCHASE_FINAL","NUMBER",22,,0,"Y",134
"TBL_PORT_CALL","DO_SULPHUR_PERCENT","FLOAT",22,126,,"Y",135
"TBL_PORT_CALL","DL_SULPHUR_PERCENT","FLOAT",22,126,,"Y",136
"TBL_PORT_CALL","FO_SULPHUR_PERCENT","FLOAT",22,126,,"Y",137
"TBL_PORT_CALL","FL_SULPHUR_PERCENT","FLOAT",22,126,,"Y",138
"TBL_PORT_CALL","FO_BUNKERED_DATE","DATE",7,,,"Y",139
"TBL_PORT_CALL","DO_BUNKERED_DATE","DATE",7,,,"Y",140
"TBL_PORT_CALL","DL_BUNKERED_DATE","DATE",7,,,"Y",141
"TBL_PORT_CALL","FL_BUNKERED_DATE","DATE",7,,,"Y",142
"TBL_PORT_CALL","BUNKER_PRICE_CURRENCY_ID","NUMBER",22,,0,"Y",143
"TBL_PORT_CALL","AGENCY_SYSTEM_REF","VARCHAR2",20,,,"Y",144
"TBL_PORT_CALL","MASTER_ID","NUMBER",22,,0,"Y",145
"TBL_PORT_CALL","VARIOUS_COST","FLOAT",22,126,,"Y",146
"TBL_PORT_CALL","VARIOUS_REVENUE","FLOAT",22,126,,"Y",147
"TBL_PORT_CALL","DAYS_FO_IN_PORT","NUMBER",22,,,"Y",148
"TBL_PORT_CALL","DAYS_FO_AT_SEA","NUMBER",22,,,"Y",149
"TBL_PORT_CALL","DAYS_FL_IN_PORT","NUMBER",22,,,"Y",150
"TBL_PORT_CALL","DAYS_FL_AT_SEA","NUMBER",22,,,"Y",151
"TBL_PORT_CALL","DAYS_DO_IN_PORT","NUMBER",22,,,"Y",152
"TBL_PORT_CALL","DAYS_DO_AT_SEA","NUMBER",22,,,"Y",153
"TBL_PORT_CALL","DAYS_DL_IN_PORT","NUMBER",22,,,"Y",154
"TBL_PORT_CALL","DAYS_DL_AT_SEA","NUMBER",22,,,"Y",155
"TBL_PORT_CALL","DISTANCE_ID","NUMBER",22,,,"Y",156
"TBL_PORT_CALL","DAYS_DO_AT_SEA_AE","NUMBER",22,,,"Y",157
"TBL_PORT_CALL","DAYS_DL_AT_SEA_AE","NUMBER",22,,,"Y",158
"TBL_PORT_CALL","DAILY_CONSUMPTION_AT_SEA","FLOAT",22,126,,"Y",159
"TBL_PORT_CALL","AGENCY_APPOINTMENT_STATUS_ID","NUMBER",22,38,0,"Y",160
"TBL_PORT_CALL","PORT_CAPTAIN_ID","NUMBER",22,,0,"Y",161
"TBL_PORT_CALL","VOLUME","FLOAT",22,126,,"Y",162
"TBL_PORT_CALL","IS_ISSUED_LOI","NUMBER",22,,0,"Y",163
"TBL_PORT_CALL","ECA_AVOIDANCE_FACTOR","NUMBER",22,,0,"Y",164
"TBL_PORT_CALL","ICE_AVOIDANCE_FACTOR","NUMBER",22,,0,"Y",165
"TBL_PORT_CALL","HRA_AVOIDANCE_FACTOR","NUMBER",22,,0,"Y",166
"TBL_PORT_CALL","IS_LAYTIME_USED_FIXED","NUMBER",22,,0,"Y",167
"TBL_PORT_CALL","DAYS_EXTRA_AT_SEA","FLOAT",22,126,,"Y",168
"TBL_PORT_CALL","ALLOW_PC","NUMBER",22,,0,"Y",169
"TBL_PORT_CALL","ALLOW_SC","NUMBER",22,,0,"Y",170
"TBL_PORT_CALL","ALLOW_KC","NUMBER",22,,0,"Y",171
"TBL_PORT_CALL","ALLOW_NEP","NUMBER",22,,0,"Y",172
"TBL_PORT_CALL","ALLOW_NWP","NUMBER",22,,0,"Y",173
"TBL_PORT_CALL","VESSEL_PC_SEQUENCE","NUMBER",22,,0,"N",174
"TBL_PORT_CALL","IS_LAST_PORT_CALL","NUMBER",22,,0,"N",175
"TBL_PORT_CALL","EU_ETS_EMISSIONS","FLOAT",22,126,,"Y",176
"TBL_PORT_CALL","ALLOW_TS","NUMBER",22,,0,"Y",177
"TBL_PORT_CALL","ALLOW_CC","NUMBER",22,,0,"Y",178
"TBL_PORT_CALL","DAYS_AFTER_UNBERTH","FLOAT",22,126,,"N",179
"TBL_PORT_CALL","USE_HANDLING_COST_FROM_SERVICE_ORDER","NUMBER",22,,0,"Y",180
"TBL_PORT_CALL","LONGITUDE","FLOAT",22,126,,"Y",181
"TBL_PORT_CALL","LATITUDE","FLOAT",22,126,,"Y",182
"TBL_PORT_CALL","TIMEZONE_ID","NUMBER",22,,0,"Y",183
"TBL_PORT_CALL","PORT_LOG_PRINTOUT","CLOB",4000,,,"Y",184
"TBL_PORT_CALL","FORWARD_DRAFT_ARRIVAL","FLOAT",22,126,,"Y",185
"TBL_PORT_CALL","AFT_DRAFT_ARRIVAL","FLOAT",22,126,,"Y",186
"TBL_PORT_CALL","MEAN_DRAFT_ARRIVAL","FLOAT",22,126,,"Y",187
"TBL_PORT_CALL","FORWARD_DRAFT_DEPARTURE","FLOAT",22,126,,"Y",188
"TBL_PORT_CALL","AFT_DRAFT_DEPARTURE","FLOAT",22,126,,"Y",189
"TBL_PORT_CALL","MEAN_DRAFT_DEPARTURE","FLOAT",22,126,,"Y",190
"TBL_PORT_CALL","TUGS_INBOUND","VARCHAR2",32,,,"Y",191
"TBL_PORT_CALL","TUGS_OUTBOUND","VARCHAR2",32,,,"Y",192
"TBL_PORT_CALL","NUMBER_OF_TUGS","NUMBER",22,,0,"Y",193
"TBL_PORT_CALL","VESSEL_DRAFT","FLOAT",22,126,,"N",194
"TBL_PORT_CALL","IS_VESSEL_APPROVED","NUMBER",22,,0,"Y",195
"TBL_PORT_CALL","IS_TERMINAL_APPROVED","NUMBER",22,,0,"Y",196
"TBL_PORT_CALL","CUBIC_REDUCTION","FLOAT",22,126,,"Y",197
"TBL_PORT_CALL","CTMS_OPEN_MT","FLOAT",22,126,,"Y",198
"TBL_PORT_CALL","CTMS_CLOSED_MT","FLOAT",22,126,,"Y",199
"TBL_PORT_CALL","CTMS_OPEN_CBM","FLOAT",22,126,,"Y",200
"TBL_PORT_CALL","CTMS_CLOSED_CBM","FLOAT",22,126,,"Y",201
"TBL_VESSEL","BEAM","FLOAT",22,126,,"Y",1
"TBL_VESSEL","BUILT_SHIPYARD","VARCHAR2",32,,,"Y",2
"TBL_VESSEL","BUILT_YEAR","NUMBER",22,,0,"Y",3
"TBL_VESSEL","CALL_SIGNAL","VARCHAR2",7,,,"Y",4
"TBL_VESSEL","CAPACITY_DO","FLOAT",22,126,,"Y",5
"TBL_VESSEL","CAPACITY_FO","FLOAT",22,126,,"Y",6
"TBL_VESSEL","CAPACITY_WATER","FLOAT",22,126,,"Y",7
"TBL_VESSEL","CLASSIFICATION_SOCIETY_ID","NUMBER",22,,0,"Y",8
"TBL_VESSEL","CONSTANT_REDUCTION","FLOAT",22,126,,"Y",9
"TBL_VESSEL","CUBIC_BALES","FLOAT",22,126,,"Y",10
"TBL_VESSEL","CUBIC_DECK","FLOAT",22,126,,"Y",11
"TBL_VESSEL","CUBIC_GRAIN","FLOAT",22,126,,"Y",12
"TBL_VESSEL","CUBIC_MEASUREMENT_ID","NUMBER",22,,0,"Y",13
"TBL_VESSEL","CUBIC_OIL","FLOAT",22,126,,"Y",14
"TBL_VESSEL","CUBIC_WING","FLOAT",22,126,,"Y",15
"TBL_VESSEL","DEPTH","FLOAT",22,126,,"Y",16
"TBL_VESSEL","DO_AT_SEA","FLOAT",22,126,,"Y",17
"TBL_VESSEL","DO_GENERATOR_DISCHARGING","FLOAT",22,126,,"Y",18
"TBL_VESSEL","DO_IN_PORT","FLOAT",22,126,,"Y",19
"TBL_VESSEL","DO_IN_PORT_WORKING","FLOAT",22,126,,"Y",20
"TBL_VESSEL","DO_MANOUVERING","FLOAT",22,126,,"Y",21
"TBL_VESSEL","DRAFT_MEASUREMENT","VARCHAR2",1,,,"Y",22
"TBL_VESSEL","DRAFT_SUMMER","FLOAT",22,126,,"Y",23
"TBL_VESSEL","DRAFT_TROPICAL","FLOAT",22,126,,"Y",24
"TBL_VESSEL","DRAFT_WINTER","FLOAT",22,126,,"Y",25
"TBL_VESSEL","DWT_MEASUREMENT_ID","NUMBER",22,,0,"Y",26
"TBL_VESSEL","DWT_SUMMER","FLOAT",22,126,,"Y",27
"TBL_VESSEL","DWT_TROPICAL","FLOAT",22,126,,"Y",28
"TBL_VESSEL","DWT_WINTER","FLOAT",22,126,,"Y",29
"TBL_VESSEL","FLAG_ID","NUMBER",22,,0,"Y",30
"TBL_VESSEL","FO_CLEANING","FLOAT",22,126,,"Y",31
"TBL_VESSEL","FO_GENERATOR_AT_SEA","FLOAT",22,126,,"Y",32
"TBL_VESSEL","FO_GENERATOR_DISCHARGING","FLOAT",22,126,,"Y",33
"TBL_VESSEL","FO_GENERATOR_LOADING","FLOAT",22,126,,"Y",34
"TBL_VESSEL","FO_HEATING_PER_DAY","FLOAT",22,126,,"Y",35
"TBL_VESSEL","FO_IN_PORT","FLOAT",22,126,,"Y",36
"TBL_VESSEL","FO_IN_PORT_WORKING","FLOAT",22,126,,"Y",37
"TBL_VESSEL","FO_PUMPING","FLOAT",22,126,,"Y",38
"TBL_VESSEL","GEAR","VARCHAR2",30,,,"Y",39
"TBL_VESSEL","HAS_GRABS_ONBOARD","NUMBER",22,,0,"Y",40
"TBL_VESSEL","HOLD_AREA_LENGTH","NUMBER",22,,0,"Y",41
"TBL_VESSEL","HOLD_AREA_WIDTH","NUMBER",22,,0,"Y",42
"TBL_VESSEL","HOLDS_HATCHES","VARCHAR2",30,,,"Y",43
"TBL_VESSEL","IMMERSION_MEASUREMENT","VARCHAR2",3,,,"Y",44
"TBL_VESSEL","IMMERSION_SUMMER","FLOAT",22,126,,"Y",45
"TBL_VESSEL","IMMERSION_TROPICAL","FLOAT",22,126,,"Y",46
"TBL_VESSEL","IMMERSION_WINTER","FLOAT",22,126,,"Y",47
"TBL_VESSEL","IMO_NUMBER","VARCHAR2",7,,,"Y",48
"TBL_VESSEL","INTERNATIONAL_GT","FLOAT",22,126,,"Y",49
"TBL_VESSEL","INTERNATIONAL_NT","FLOAT",22,126,,"Y",50
"TBL_VESSEL","LOA","FLOAT",22,126,,"Y",51
"TBL_VESSEL","NT_PANAMA","FLOAT",22,126,,"Y",52
"TBL_VESSEL","NT_SUEZ","FLOAT",22,126,,"Y",53
"TBL_VESSEL","OWNER_ID","NUMBER",22,,0,"Y",54
"TBL_VESSEL","REGISTERED_PORT_ID","NUMBER",22,,0,"Y",55
"TBL_VESSEL","SHIP_REGISTER_ID","NUMBER",22,,0,"Y",56
"TBL_VESSEL","VESSEL_ID","NUMBER",22,,0,"N",57
"TBL_VESSEL","VESSEL_NAME","VARCHAR2",40,,,"N",58
"TBL_VESSEL","VESSEL_TYPE_ID","NUMBER",22,,0,"Y",59
"TBL_VESSEL","RPM_NORMAL_CONTINOUS_RATING","FLOAT",22,126,,"Y",60
"TBL_VESSEL","BHP_NORMAL_CONTINOUS_RATING","FLOAT",22,126,,"Y",61
"TBL_VESSEL","LLOYDS_NUMBER","VARCHAR2",7,,,"Y",62
"TBL_VESSEL","DWT_PANAMA","FLOAT",22,126,,"Y",63
"TBL_VESSEL","VOYAGE_CURRENCY_ID","NUMBER",22,38,0,"Y",64
"TBL_VESSEL","NOM_INTAKE_ON_DECK_TEU_TEU","NUMBER",22,,0,"Y",65
"TBL_VESSEL","NOM_INTAKE_ON_DECK_TEU_FEU","NUMBER",22,,0,"Y",66
"TBL_VESSEL","NOM_INTAKE_IN_HOLD_TEU_TEU","NUMBER",22,,0,"Y",67
"TBL_VESSEL","NOM_INTAKE_IN_HOLD_TEU_FEU","NUMBER",22,,0,"Y",68
"TBL_VESSEL","NOM_INTAKE_ON_DECK_FEU_TEU","NUMBER",22,,0,"Y",69
"TBL_VESSEL","NOM_INTAKE_ON_DECK_FEU_FEU","NUMBER",22,,0,"Y",70
"TBL_VESSEL","NOM_INTAKE_IN_HOLD_FEU_TEU","NUMBER",22,,0,"Y",71
"TBL_VESSEL","NOM_INTAKE_IN_HOLD_FEU_FEU","NUMBER",22,,0,"Y",72
"TBL_VESSEL","ON_DECK_CAPACITY_45FT","NUMBER",22,,0,"Y",73
"TBL_VESSEL","IN_HOLD_CAPACITY_45FT","NUMBER",22,,0,"Y",74
"TBL_VESSEL","ON_DECK_CAPACITY_30FT","NUMBER",22,,0,"Y",75
"TBL_VESSEL","IN_HOLD_CAPACITY_30FT","NUMBER",22,,0,"Y",76
"TBL_VESSEL","FO_GENERATOR_AT_SEA_REEFER","FLOAT",22,126,,"Y",77
"TBL_VESSEL","DO_GENERATOR_AT_SEA_REEFER","FLOAT",22,126,,"Y",78
"TBL_VESSEL","ON_DECK_CAPACITY_HIGH_CUBE","VARCHAR2",64,,,"Y",79
"TBL_VESSEL","IN_HOLD_CAPACITY_HIGH_CUBE","VARCHAR2",64,,,"Y",80
"TBL_VESSEL","MAIN_ENGINE","VARCHAR2",128,,,"Y",81
"TBL_VESSEL","AUX_ENGINE","VARCHAR2",128,,,"Y",82
"TBL_VESSEL","BOW_THRUSTER","VARCHAR2",128,,,"Y",83
"TBL_VESSEL","STERN_THRUSTER","VARCHAR2",128,,,"Y",84
"TBL_VESSEL","SHAFT_GENERATOR","VARCHAR2",128,,,"Y",85
"TBL_VESSEL","DWT_DESIGN","FLOAT",22,126,,"Y",86
"TBL_VESSEL","DRAFT_DESIGN","FLOAT",22,126,,"Y",87
"TBL_VESSEL","IMMERSION_DESIGN","FLOAT",22,126,,"Y",88
"TBL_VESSEL","DWT_FRESH","FLOAT",22,126,,"Y",89
"TBL_VESSEL","DRAFT_FRESH","FLOAT",22,126,,"Y",90
"TBL_VESSEL","IMMERSION_FRESH","FLOAT",22,126,,"Y",91
"TBL_VESSEL","DWT_TROPICAL_FRESH","FLOAT",22,126,,"Y",92
"TBL_VESSEL","DRAFT_TROPICAL_FRESH","FLOAT",22,126,,"Y",93
"TBL_VESSEL","IMMERSION_TROPICAL_FRESH","FLOAT",22,126,,"Y",94
"TBL_VESSEL","STACKWEIGHT_ON_HATCHES_FEU","FLOAT",22,126,,"Y",95
"TBL_VESSEL","STACKWEIGHT_ON_HATCHES_TEU","FLOAT",22,126,,"Y",96
"TBL_VESSEL","STACKWEIGHT_ON_DECK_FEU","FLOAT",22,126,,"Y",97
"TBL_VESSEL","STACKWEIGHT_ON_DECK_TEU","FLOAT",22,126,,"Y",98
"TBL_VESSEL","STACKWEIGHT_IN_HOLD_FEU","FLOAT",22,126,,"Y",99
"TBL_VESSEL","STACKWEIGHT_IN_HOLD_TEU","FLOAT",22,126,,"Y",100
"TBL_VESSEL","REEFER_PLUGS","NUMBER",22,,0,"Y",101
"TBL_VESSEL","NOM_INTAKE_IN_HOLD_FEU_REEFER","NUMBER",22,,0,"Y",102
"TBL_VESSEL","NOM_INTAKE_ON_DECK_FEU_REEFER","NUMBER",22,,0,"Y",103
"TBL_VESSEL","VESSEL_DESIGN","VARCHAR2",32,,,"Y",104
"TBL_VESSEL","HATCHCOVER_STRENGTH","VARCHAR2",64,,,"Y",105
"TBL_VESSEL","PONTOON_WEIGHT","VARCHAR2",64,,,"Y",106
"TBL_VESSEL","TANKTOP_STRENGTH","VARCHAR2",32,,,"Y",107
"TBL_VESSEL","IMDG_CARGO","VARCHAR2",256,,,"Y",108
"TBL_VESSEL","CAPACITY_BALLAST_WATER","FLOAT",22,126,,"Y",109
"TBL_VESSEL","HATCH_COVER_TYPE_ID","NUMBER",22,,0,"Y",110
"TBL_VESSEL","TWIST_LOCK_TYPE_ID","NUMBER",22,,0,"Y",111
"TBL_VESSEL","STACKWEIGHT_ON_DECK","VARCHAR2",64,,,"Y",112
"TBL_VESSEL","STACKWEIGHT_IN_HOLD","VARCHAR2",64,,,"Y",113
"TBL_VESSEL","STACKWEIGHT_ON_HATCHES","VARCHAR2",64,,,"Y",114
"TBL_VESSEL","LPP","FLOAT",22,126,,"Y",115
"TBL_VESSEL","IS_OSHA_FITTED","NUMBER",22,,0,"Y",116
"TBL_VESSEL","AIR_DRAFT","FLOAT",22,126,,"Y",117
"TBL_VESSEL","SCRUBBER_FITTED_ME","NUMBER",22,,0,"N",118
"TBL_VESSEL","DO_INERTING","FLOAT",22,126,,"N",119
"TBL_VESSEL","FO_INERTING","FLOAT",22,126,,"N",120
"TBL_VESSEL","IS_OPEN_LOOP_SCRUBBER","NUMBER",22,,0,"N",121
"TBL_VESSEL","AER","FLOAT",22,126,,"Y",122
"TBL_VESSEL","ICE_CLASS_ID","NUMBER",22,,0,"Y",123
"TBL_VESSEL","LOADING_CONSUMPTION","FLOAT",22,126,,"Y",124
"TBL_VESSEL_CLASS","VESSEL_CLASS_CODE","VARCHAR2",5,,,"N",1
"TBL_VESSEL_CLASS","VESSEL_CLASS_DESC","VARCHAR2",32,,,"N",2
"TBL_VESSEL_CLASS","VESSEL_CLASS_ID","NUMBER",22,,0,"N",3
"TBL_VOYAGE","BALLAST_BONUS","FLOAT",22,126,,"Y",1
"TBL_VOYAGE","BALLAST_BONUS_COMMISSION","FLOAT",22,126,,"Y",2
"TBL_VOYAGE","BALLAST_BONUS_NET","FLOAT",22,126,,"Y",3
"TBL_VOYAGE","BALLAST_BONUS_REVENUE","FLOAT",22,126,,"Y",4
"TBL_VOYAGE","BALLAST_PORT_ID","NUMBER",22,,0,"Y",5
"TBL_VOYAGE","BUNKER_ESCALATION","FLOAT",22,126,,"Y",6
"TBL_VOYAGE","CANAL_COST","FLOAT",22,126,,"Y",7
"TBL_VOYAGE","CANAL_1_ID","NUMBER",22,,0,"Y",8
"TBL_VOYAGE","CANAL_2_ID","NUMBER",22,,0,"Y",9
"TBL_VOYAGE","COMMISSION","FLOAT",22,126,,"Y",10
"TBL_VOYAGE","COMMISSION_ADDRESS","FLOAT",22,126,,"Y",11
"TBL_VOYAGE","DAYS_BALLAST","FLOAT",22,126,,"Y",12
"TBL_VOYAGE","DAYS_CANAL","FLOAT",22,126,,"Y",13
"TBL_VOYAGE","DAYS_CLEANING","FLOAT",22,126,,"Y",14
"TBL_VOYAGE","DAYS_DISCHARGING","FLOAT",22,126,,"Y",15
"TBL_VOYAGE","DAYS_EXTRA_AT_SEA","FLOAT",22,126,,"Y",16
"TBL_VOYAGE","DAYS_EXTRA_IN_PORT","FLOAT",22,126,,"Y",17
"TBL_VOYAGE","DAYS_HEATING","FLOAT",22,126,,"Y",18
"TBL_VOYAGE","DAYS_IDLE","FLOAT",22,126,,"Y",19
"TBL_VOYAGE","DAYS_LOADED","FLOAT",22,126,,"Y",20
"TBL_VOYAGE","DAYS_LOADING","FLOAT",22,126,,"Y",21
"TBL_VOYAGE","DAYS_OFFHIRE","FLOAT",22,126,,"Y",22
"TBL_VOYAGE","DAYS_OFFHIRE_CHARTERER","FLOAT",22,126,,"Y",23
"TBL_VOYAGE","DAYS_OFFHIRE_OWNER","FLOAT",22,126,,"Y",24
"TBL_VOYAGE","DAYS_TOTAL","FLOAT",22,126,,"Y",25
"TBL_VOYAGE","DAYS_TOTAL_AT_SEA","FLOAT",22,126,,"Y",26
"TBL_VOYAGE","DAYS_TOTAL_IN_PORT","FLOAT",22,126,,"Y",27
"TBL_VOYAGE","DAYS_WAITING","FLOAT",22,126,,"Y",28
"TBL_VOYAGE","DEMURRAGE","FLOAT",22,126,,"Y",29
"TBL_VOYAGE","DESPATCH","FLOAT",22,126,,"Y",30
"TBL_VOYAGE","DO_AT_SEA","FLOAT",22,126,,"Y",31
"TBL_VOYAGE","DO_CONSUMPTION","FLOAT",22,126,,"Y",32
"TBL_VOYAGE","DO_CONSUMPTION_OFFHIRE","FLOAT",22,126,,"Y",33
"TBL_VOYAGE","DO_COST","FLOAT",22,126,,"Y",34
"TBL_VOYAGE","DO_IN_PORT","FLOAT",22,126,,"Y",35
"TBL_VOYAGE","DO_IN_PORT_WORKING","FLOAT",22,126,,"Y",36
"TBL_VOYAGE","DO_PRICE","FLOAT",22,126,,"Y",37
"TBL_VOYAGE","ESTIMATED_VOYAGE_START_DATE","DATE",7,,,"Y",38
"TBL_VOYAGE","FO_BALLAST","FLOAT",22,126,,"Y",39
"TBL_VOYAGE","FO_CLEANING","FLOAT",22,126,,"Y",40
"TBL_VOYAGE","FO_CONSUMPTION","FLOAT",22,126,,"Y",41
"TBL_VOYAGE","FO_CONSUMPTION_OFFHIRE","FLOAT",22,126,,"Y",42
"TBL_VOYAGE","FO_COST","FLOAT",22,126,,"Y",43
"TBL_VOYAGE","FO_HEATING","FLOAT",22,126,,"Y",44
"TBL_VOYAGE","FO_IN_PORT","FLOAT",22,126,,"Y",45
"TBL_VOYAGE","FO_IN_PORT_WORKING","FLOAT",22,126,,"Y",46
"TBL_VOYAGE","FO_LOADED","FLOAT",22,126,,"Y",47
"TBL_VOYAGE","FO_PRICE","FLOAT",22,126,,"Y",48
"TBL_VOYAGE","FO_PUMPING","FLOAT",22,126,,"Y",49
"TBL_VOYAGE","FREIGHT","FLOAT",22,126,,"Y",50
"TBL_VOYAGE","FREIGHT_COST","FLOAT",22,126,,"Y",51
"TBL_VOYAGE","GAS_CONSUMPTION","FLOAT",22,126,,"Y",52
"TBL_VOYAGE","GAS_CONSUMPTION_OFFHIRE","FLOAT",22,126,,"Y",53
"TBL_VOYAGE","GAS_PRICE","FLOAT",22,126,,"Y",54
"TBL_VOYAGE","GROSS_FREIGHT","FLOAT",22,126,,"Y",55
"TBL_VOYAGE","HANDLING_COST","FLOAT",22,126,,"Y",56
"TBL_VOYAGE","HAS_CANAL_PASSAGE","NUMBER",22,,0,"Y",57
"TBL_VOYAGE","HAS_CLEANING","NUMBER",22,,0,"Y",58
"TBL_VOYAGE","HAS_HEATING","NUMBER",22,,0,"Y",59
"TBL_VOYAGE","HAS_PUMPING","NUMBER",22,,0,"Y",60
"TBL_VOYAGE","HAS_RELET","NUMBER",22,,0,"Y",61
"TBL_VOYAGE","HAS_TRANSSHIPMENT","NUMBER",22,,0,"Y",62
"TBL_VOYAGE","IS_INTAKE_CALCULATED","NUMBER",22,,0,"Y",63
"TBL_VOYAGE","IS_ROTATION_PROTECTED","NUMBER",22,,0,"Y",64
"TBL_VOYAGE","IS_TC","NUMBER",22,,0,"Y",65
"TBL_VOYAGE","IS_TC_RESULT_PER_MONTH","NUMBER",22,,0,"Y",66
"TBL_VOYAGE","MILES_BALLAST","FLOAT",22,126,,"Y",67
"TBL_VOYAGE","MILES_LOADED","FLOAT",22,126,,"Y",68
"TBL_VOYAGE","NET_FREIGHT","FLOAT",22,126,,"Y",69
"TBL_VOYAGE","PERCENT_EXTRA_AT_SEA","FLOAT",22,126,,"Y",70
"TBL_VOYAGE","PORT_COST","FLOAT",22,126,,"Y",71
"TBL_VOYAGE","ROB_FIXED","FLOAT",22,126,,"Y",72
"TBL_VOYAGE","RP_BALLAST_ID","NUMBER",22,,0,"Y",73
"TBL_VOYAGE","RP_LOADED_ID","NUMBER",22,,0,"Y",74
"TBL_VOYAGE","RUNNING_COST","FLOAT",22,126,,"Y",75
"TBL_VOYAGE","RUNNING_COST_PER_DAY","FLOAT",22,126,,"Y",76
"TBL_VOYAGE","SPEED_BALLAST","FLOAT",22,126,,"Y",77
"TBL_VOYAGE","SPEED_LOADED","FLOAT",22,126,,"Y",78
"TBL_VOYAGE","TC_HIRE_COMMISSION","FLOAT",22,126,,"Y",79
"TBL_VOYAGE","TC_HIRE_NET","FLOAT",22,126,,"Y",80
"TBL_VOYAGE","TC_ID_IN","NUMBER",22,,0,"Y",81
"TBL_VOYAGE","TC_RATE","FLOAT",22,126,,"Y",82
"TBL_VOYAGE","TC_RESULT","FLOAT",22,126,,"Y",83
"TBL_VOYAGE","TC_RESULT_DAY","FLOAT",22,126,,"Y",84
"TBL_VOYAGE","TDW","FLOAT",22,126,,"Y",85
"TBL_VOYAGE","VARIANCE_ON_SENSITIVITY","FLOAT",22,126,,"Y",86
"TBL_VOYAGE","VARIOUS_COST","FLOAT",22,126,,"Y",87
"TBL_VOYAGE","VARIOUS_REVENUE","FLOAT",22,126,,"Y",88
"TBL_VOYAGE","VESSEL_ID","NUMBER",22,,0,"Y",89
"TBL_VOYAGE","VOYAGE_CURRENCY_ID","NUMBER",22,,0,"Y",90
"TBL_VOYAGE","VOYAGE_ID","NUMBER",22,,0,"N",91
"TBL_VOYAGE","VOYAGE_RESULT","FLOAT",22,126,,"Y",92
"TBL_VOYAGE","VOYAGE_STATUS","VARCHAR2",1,,,"Y",93
"TBL_VOYAGE","IS_IN_REVERSE_MODE","NUMBER",22,,0,"Y",94
"TBL_VOYAGE","COMMENTS","VARCHAR2",64,,,"Y",95
"TBL_VOYAGE","ESTIMATED_DO_ROB_VOYAGE_START","FLOAT",22,126,,"Y",96
"TBL_VOYAGE","ESTIMATED_FO_ROB_VOYAGE_START","FLOAT",22,126,,"Y",97
"TBL_VOYAGE","MILES_DIRECT","NUMBER",22,,0,"Y",98
"TBL_VOYAGE","DAYS_BALLAST_DIRECT","FLOAT",22,126,,"Y",99
"TBL_VOYAGE","DAYS_CANAL_DIRECT","FLOAT",22,126,,"Y",100
"TBL_VOYAGE","FO_COST_DIRECT","FLOAT",22,126,,"Y",101
"TBL_VOYAGE","DO_COST_DIRECT","FLOAT",22,126,,"Y",102
"TBL_VOYAGE","DAYS_BALLAST_OFFSET","FLOAT",22,126,,"Y",103
"TBL_VOYAGE","OFFSET_BALLAST_PORT_ID","NUMBER",22,,0,"Y",104
"TBL_VOYAGE","MARKET_RATE_PER_DAY","FLOAT",22,126,,"Y",105
"TBL_VOYAGE","BACKHAUL_SAVING","FLOAT",22,126,,"Y",106
"TBL_VOYAGE","BACKHAUL_SAVING_FACTOR","FLOAT",22,126,,"Y",107
"TBL_VOYAGE","CVE_TC_IN","FLOAT",22,126,,"Y",108
"TBL_VOYAGE","CVE_TC_OUT","FLOAT",22,126,,"Y",109
"TBL_VOYAGE","COMMISSION_OWNERS_COST","FLOAT",22,126,,"Y",110
"TBL_VOYAGE","REFERENCE_NO","NUMBER",22,,0,"Y",111
"TBL_VOYAGE","POLICY_ID","NUMBER",22,,0,"Y",112
"TBL_VOYAGE","ILOHC_TC_OUT","FLOAT",22,126,,"Y",113
"TBL_VOYAGE","ILOHC_TC_IN","FLOAT",22,126,,"Y",114
"TBL_VOYAGE","ESTIMATED_FL_ROB_VOYAGE_START","FLOAT",22,126,,"Y",115
"TBL_VOYAGE","ESTIMATED_DL_ROB_VOYAGE_START","FLOAT",22,126,,"Y",116
"TBL_VOYAGE","FL_CONSUMPTION","FLOAT",22,126,,"Y",117
"TBL_VOYAGE","DL_CONSUMPTION","FLOAT",22,126,,"Y",118
"TBL_VOYAGE","FL_COST","FLOAT",22,126,,"Y",119
"TBL_VOYAGE","DL_COST","FLOAT",22,126,,"Y",120
"TBL_VOYAGE","FL_PRICE","FLOAT",22,126,,"Y",121
"TBL_VOYAGE","DL_PRICE","FLOAT",22,126,,"Y",122
"TBL_VOYAGE","UTILISATION_COMMENTS","VARCHAR2",64,,,"Y",123
"TBL_VOYAGE","RESTRICTING_CUBIC","FLOAT",22,126,,"Y",124
"TBL_VOYAGE","TAB_TITLE","VARCHAR2",128,,,"Y",125
"TBL_VOYAGE","STBL_VESSEL_ID","NUMBER",22,38,0,"Y",126
"TBL_VOYAGE","SUPPORT_START_DATE","DATE",7,,,"Y",127
"TBL_VOYAGE","SUPPORT_END_DATE","DATE",7,,,"Y",128
"TBL_VOYAGE","SUPPORT_GEAR_ID","NUMBER",22,38,0,"Y",129
"TBL_VOYAGE","SUPPORT_VESSEL_ID","NUMBER",22,38,0,"Y",130
"TBL_VOYAGE","STBL_VESSEL_ETA","DATE",7,,,"Y",131
"TBL_VOYAGE","VOYAGE_TYPE_ID","NUMBER",22,38,0,"Y",132
"TBL_VOYAGE","TC_ID_RELET","NUMBER",22,,0,"Y",133
"TBL_VOYAGE","FL_COST_DIRECT","NUMBER",22,,,"Y",134
"TBL_VOYAGE","DL_COST_DIRECT","NUMBER",22,,,"Y",135
"TBL_VOYAGE","DAYS_INERTING_DO","FLOAT",22,126,,"N",136
"TBL_VOYAGE","DO_INERTING","FLOAT",22,126,,"N",137
"TBL_VOYAGE","DAYS_INERTING_FO","FLOAT",22,126,,"N",138
"TBL_VOYAGE","FO_INERTING","FLOAT",22,126,,"N",139
"TBL_VOYAGE","IS_DAYS_WAITING_FIXED","NUMBER",22,,0,"Y",140
"TBL_VOYAGE","GEO_JSON","NCLOB",4000,,,"Y",141
"TBL_VOYAGE","VARIOUS_COST_FIXED","NUMBER",22,,0,"Y",142
"TBL_VOYAGE","EEOI","FLOAT",22,126,,"Y",143
"TBL_VOYAGE","CO2_LADEN","FLOAT",22,126,,"Y",144
"TBL_VOYAGE","CO2_BALLAST","FLOAT",22,126,,"Y",145
"TBL_VOYAGE","LADEN_CONSUMPTION","FLOAT",22,126,,"Y",146
"TBL_VOYAGE","BALLAST_CONSUMPTION","FLOAT",22,126,,"Y",147
"TBL_VOYAGE","EUA_PRICE","FLOAT",22,126,,"Y",148
"TBL_VOYAGE","ADJUSTMENT","FLOAT",22,126,,"Y",149
"TBL_VOYAGE","BALLAST_EU_ETS_COST","FLOAT",22,126,,"Y",150
"TBL_VOYAGE","LADEN_EU_ETS_COST","FLOAT",22,126,,"Y",151
"TBL_VOYAGE","BALLAST_EU_ETS_EMISSION","FLOAT",22,126,,"Y",152
"TBL_VOYAGE","LADEN_EU_ETS_EMISSION","FLOAT",22,126,,"Y",153
"TBL_VOYAGE","EU_ETS_EMISSIONS","FLOAT",22,126,,"Y",154
"TBL_VOYAGE","VOYAGE_CATEGORY","NUMBER",22,,0,"Y",155
"TBL_VOYAGE","EUA_STATEMENT","CLOB",4000,,,"Y",156
"TBL_VOYAGE","GHG_INTENSITY","FLOAT",22,126,,"N",157
"TBL_VOYAGE","COMPLIANCE_BALANCE","FLOAT",22,126,,"N",158
"TBL_VOYAGE","COMPLIANCE_PENALTY","FLOAT",22,126,,"N",159
"TBL_VOYAGE","COMPLIANCE_PENALTY_PRICE","FLOAT",22,126,,"N",160
"TBL_VOYAGE","DAYS_TOTAL_AFTER_UNBERTH","FLOAT",22,126,,"Y",161
"TBL_VOYAGE","DEVIATION_VOYAGE_ID","NUMBER",22,,0,"Y",162
"TBL_VOYAGE","BALLAST_LATITUDE","FLOAT",22,126,,"Y",163
"TBL_VOYAGE","BALLAST_LONGITUDE","FLOAT",22,126,,"Y",164
"TBL_VOYAGE","BALLAST_TIMEZONE_ID","NUMBER",22,,0,"Y",165
"TBL_VOYAGE","EU_ETS_CURRENCY_ID","NUMBER",22,,0,"Y",166
"TBL_VOYAGE","LOADING_CONSUMPTION","FLOAT",22,126,,"Y",167
"TBL_VOYAGE","TC_RESULT_DAY_INCLUDING_OFFHIRE","FLOAT",22,126,,"Y",168
"TBL_VOYAGE","MARKET_VALUE","NUMBER",22,,0,"Y",169
